-- Imprint dev seed — demo user, 2 chapters, 14 pins
-- Runs after 0001_init.sql on `supabase db reset`

create extension if not exists pgcrypto;

-- ============================================================
-- DEMO AUTH USER
-- ============================================================
insert into auth.users (
  id,
  instance_id,
  aud,
  role,
  email,
  encrypted_password,
  email_confirmed_at,
  raw_app_meta_data,
  raw_user_meta_data,
  created_at,
  updated_at,
  confirmation_token,
  email_change,
  email_change_token_new,
  recovery_token
)
values (
  '00000000-0000-0000-0000-000000000001',
  '00000000-0000-0000-0000-000000000000',
  'authenticated',
  'authenticated',
  'demo@imprint.dev',
  crypt('imprint-demo', gen_salt('bf')),
  now(),
  '{"provider":"email","providers":["email"]}',
  '{}',
  now(),
  now(),
  '',
  '',
  '',
  ''
);

insert into auth.identities (
  id,
  user_id,
  identity_data,
  provider,
  provider_id,
  last_sign_in_at,
  created_at,
  updated_at
)
values (
  '00000000-0000-0000-0000-000000000001',
  '00000000-0000-0000-0000-000000000001',
  '{"sub": "00000000-0000-0000-0000-000000000001", "email": "demo@imprint.dev"}'::jsonb,
  'email',
  '00000000-0000-0000-0000-000000000001',
  now(),
  now(),
  now()
);

-- handle_new_user trigger created the profile row
update public.users
set
  username = 'demo',
  display_name = 'Егор (демо)',
  is_onboarded = true
where id = '00000000-0000-0000-0000-000000000001';

-- ============================================================
-- CHAPTERS
-- ============================================================
insert into public.chapters (
  id,
  user_id,
  slug,
  title,
  description,
  color,
  started_at,
  ended_at,
  visibility,
  position
)
values
  (
    '00000000-0000-0000-0000-000000000010',
    '00000000-0000-0000-0000-000000000001',
    'lisbon',
    'Год в Лиссабоне',
    'Дневник года в Португалии — от первых трамваев до осеннего тумана над Тежу.',
    '#EFB65A',
    '2025-03-01',
    '2025-11-30',
    'friends',
    0
  ),
  (
    '00000000-0000-0000-0000-000000000020',
    '00000000-0000-0000-0000-000000000001',
    'holland-bike',
    'Велопоход по Голландии',
    'Неделя на велосипеде: ветряки, каналы и дождь, который не мешает.',
    '#5DCAA5',
    '2025-07-01',
    '2025-07-31',
    'private',
    1
  );

-- ============================================================
-- MEMORY PINS — Lisbon chapter (10)
-- ============================================================
insert into public.memory_pins (
  id,
  user_id,
  chapter_id,
  location,
  location_name,
  title,
  body,
  visibility,
  pinned_at
)
values
  (
    '00000000-0000-0000-0000-000000000101',
    '00000000-0000-0000-0000-000000000001',
    '00000000-0000-0000-0000-000000000010',
    st_geogfromtext('POINT(-9.130 38.712)'),
    'Алфама',
    'Первое утро в Алфаме',
    'Проснулся от криков чаек и запаха свежей булки с корицей. Трамвай №28 скрипит внизу, как будто приветствует.',
    'friends',
    '2025-03-05T09:30:00Z'
  ),
  (
    '00000000-0000-0000-0000-000000000102',
    '00000000-0000-0000-0000-000000000001',
    '00000000-0000-0000-0000-000000000010',
    st_geogfromtext('POINT(-9.179 38.702)'),
    'LX Factory',
    'Воскресенье на LX Factory',
    'Блошиный рынок, кофе в бумажном стакане и граффити, которое меняется быстрее, чем я успеваю сфотографировать.',
    'friends',
    '2025-03-22T14:00:00Z'
  ),
  (
    '00000000-0000-0000-0000-000000000103',
    '00000000-0000-0000-0000-000000000001',
    '00000000-0000-0000-0000-000000000010',
    st_geogfromtext('POINT(-9.206 38.698)'),
    'Белен',
    'Паштейш в Белене',
    'Очередь к Pastéis de Belém — двадцать минут, которые окупились с первого укуса. Крем тёплый, снаружи хруст.',
    'public',
    '2025-04-10T11:15:00Z'
  ),
  (
    '00000000-0000-0000-0000-000000000104',
    '00000000-0000-0000-0000-000000000001',
    '00000000-0000-0000-0000-000000000010',
    st_geogfromtext('POINT(-9.422 38.698)'),
    'Кашкайш',
    'Ветер в Кашкайше',
    'Атлантика бьёт о скалы так громко, что разговор с собой становится единственным вариантом. Солёные брызги на губах.',
    'friends',
    '2025-05-18T16:45:00Z'
  ),
  (
    '00000000-0000-0000-0000-000000000105',
    '00000000-0000-0000-0000-000000000001',
    '00000000-0000-0000-0000-000000000010',
    st_geogfromtext('POINT(-9.390 38.788)'),
    'Синтра, дворец Пена',
    'Туман над Пеной',
    'Дворец то появляется из облака, то исчезает — как декорация в театре. Поднялся пешком, спустился мокрый, но довольный.',
    'friends',
    '2025-06-02T10:00:00Z'
  ),
  (
    '00000000-0000-0000-0000-000000000106',
    '00000000-0000-0000-0000-000000000001',
    '00000000-0000-0000-0000-000000000010',
    st_geogfromtext('POINT(-9.398 38.707)'),
    'Эшторил',
    'Тихий вечер в Эшториле',
    'Казино светится вдали, а я сижу на пустом пляже и думаю, что иногда одиночество — это не минус, а настройка.',
    'private',
    '2025-07-14T20:30:00Z'
  ),
  (
    '00000000-0000-0000-0000-000000000107',
    '00000000-0000-0000-0000-000000000001',
    '00000000-0000-0000-0000-000000000010',
    st_geogfromtext('POINT(-9.181 38.644)'),
    'Коста-да-капарика',
    'Закат на Коста-да-капарике',
    'Паром через Тежу, потом песок и небо в огне. Людей мало — только серферы и я.',
    'friends',
    '2025-08-03T19:10:00Z'
  ),
  (
    '00000000-0000-0000-0000-000000000108',
    '00000000-0000-0000-0000-000000000001',
    '00000000-0000-0000-0000-000000000010',
    st_geogfromtext('POINT(-8.614 41.141)'),
    'Порту, Рибейра',
    'Выходные в Порту',
    'Рибейра шумная, винные погреба пахнут дубом. Франсескинья на ужин — и сразу понятно, зачем сюда едут.',
    'public',
    '2025-09-20T18:00:00Z'
  ),
  (
    '00000000-0000-0000-0000-000000000109',
    '00000000-0000-0000-0000-000000000001',
    '00000000-0000-0000-0000-000000000010',
    st_geogfromtext('POINT(-9.177 38.691)'),
    'Мост 25 de Abril',
    'Закат у моста',
    'Красная арка в силуэте, солнце садится за Алмадой. Кажется, что город держит дыхание вместе со мной.',
    'friends',
    '2025-10-12T18:45:00Z'
  ),
  (
    '00000000-0000-0000-0000-000000000110',
    '00000000-0000-0000-0000-000000000001',
    '00000000-0000-0000-0000-000000000010',
    st_geogfromtext('POINT(-9.150 38.725)'),
    'Лиссабон',
    'Прощание с Лиссабоном',
    'Последняя прогулка по набережной. Город отдал мне год — я забираю его в память, не в чемодан.',
    'friends',
    '2025-11-28T12:00:00Z'
  );

-- ============================================================
-- MEMORY PINS — Holland chapter (4)
-- ============================================================
insert into public.memory_pins (
  id,
  user_id,
  chapter_id,
  location,
  location_name,
  title,
  body,
  visibility,
  pinned_at
)
values
  (
    '00000000-0000-0000-0000-000000000201',
    '00000000-0000-0000-0000-000000000001',
    '00000000-0000-0000-0000-000000000020',
    st_geogfromtext('POINT(4.904 52.367)'),
    'Амстердам',
    'Старт у Centraal',
    'Взял велосипед напрокат и сразу попал в поток — здесь все едут быстрее, чем думают.',
    'private',
    '2025-07-03T08:00:00Z'
  ),
  (
    '00000000-0000-0000-0000-000000000202',
    '00000000-0000-0000-0000-000000000001',
    '00000000-0000-0000-0000-000000000020',
    st_geogfromtext('POINT(4.816 52.474)'),
    'Заансе Сханс',
    'Ветряки Заансе Сханс',
    'Классическая открытка, но вживую пахнет деревом и мокрой травой. Дождь начался ровно через пять минут.',
    'private',
    '2025-07-08T13:30:00Z'
  ),
  (
    '00000000-0000-0000-0000-000000000203',
    '00000000-0000-0000-0000-000000000001',
    '00000000-0000-0000-0000-000000000020',
    st_geogfromtext('POINT(5.121 52.090)'),
    'Утрехт',
    'Каналы Утрехта',
    'Меньше туристов, больше тишины. Остановился у кафе с видом на Oudegracht — лучший обед в поездке.',
    'private',
    '2025-07-15T12:45:00Z'
  ),
  (
    '00000000-0000-0000-0000-000000000204',
    '00000000-0000-0000-0000-000000000001',
    '00000000-0000-0000-0000-000000000020',
    st_geogfromtext('POINT(4.868 52.358)'),
    'Вонделпарк',
    'Финиш в Вонделпарке',
    'Сдал велик, прошёлся босиком по траве. Ноги гудят, настроение — как после хорошего разговора.',
    'private',
    '2025-07-22T17:00:00Z'
  );

-- ============================================================
-- TRAILS
-- ============================================================
insert into public.trails (chapter_id, mode, segments)
values
  ('00000000-0000-0000-0000-000000000010', 'auto', '[]'),
  ('00000000-0000-0000-0000-000000000020', 'auto', '[]');
